Month,Concern,Total_Mentions,Negative_Mentions,Negative_Percentage,Change_Percent
2008-04,Customer Service,1,0,0.0,
2009-10,Customer Service,1,0,0.0,0.0
2010-06,Customer Service,1,0,0.0,0.0
2010-10,Customer Service,1,0,0.0,0.0
2010-11,Customer Service,1,0,0.0,0.0
2011-02,Customer Service,1,0,0.0,0.0
2011-04,Customer Service,1,0,0.0,0.0
2011-08,Customer Service,2,0,0.0,100.0
2011-09,Customer Service,5,0,0.0,150.0
2011-10,Customer Service,8,0,0.0,60.0
2011-11,Customer Service,6,0,0.0,-25.0
2011-12,Customer Service,7,1,14.29,16.67
2012-01,Customer Service,21,0,0.0,200.0
2012-02,Customer Service,16,0,0.0,-23.81
2012-03,Customer Service,7,1,14.29,-56.25
2012-04,Customer Service,11,0,0.0,57.14
2012-05,Customer Service,9,3,33.33,-18.18
2012-06,Customer Service,11,2,18.18,22.22
2012-07,Customer Service,21,0,0.0,90.91
2012-08,Customer Service,1,0,0.0,-95.24
2012-10,Customer Service,1,0,0.0,0.0
2012-11,Customer Service,1,0,0.0,0.0
2012-12,Customer Service,2,1,50.0,100.0
2013-01,Customer Service,2,0,0.0,0.0
2013-06,Customer Service,3,0,0.0,50.0
2013-07,Customer Service,1,0,0.0,-66.67
2013-08,Customer Service,1,0,0.0,0.0
2013-10,Customer Service,1,0,0.0,0.0
2013-11,Customer Service,3,0,0.0,200.0
2014-01,Customer Service,4,1,25.0,33.33
2014-02,Customer Service,5,1,20.0,25.0
2014-03,Customer Service,4,0,0.0,-20.0
2014-06,Customer Service,4,1,25.0,0.0
2014-07,Customer Service,1,0,0.0,-75.0
2014-08,Customer Service,2,1,50.0,100.0
2014-09,Customer Service,1,0,0.0,-50.0
2014-10,Customer Service,4,0,0.0,300.0
2014-11,Customer Service,4,0,0.0,0.0
2014-12,Customer Service,3,0,0.0,-25.0
2015-01,Customer Service,2,0,0.0,-33.33
2015-02,Customer Service,2,0,0.0,0.0
2015-03,Customer Service,5,1,20.0,150.0
2015-04,Customer Service,3,1,33.33,-40.0
2015-05,Customer Service,1,0,0.0,-66.67
2015-06,Customer Service,4,0,0.0,300.0
2015-07,Customer Service,2,1,50.0,-50.0
2015-08,Customer Service,2,1,50.0,0.0
2015-09,Customer Service,1,0,0.0,-50.0
2015-10,Customer Service,2,2,100.0,100.0
2015-11,Customer Service,3,2,66.67,50.0
2015-12,Customer Service,8,3,37.5,166.67
2016-01,Customer Service,3,1,33.33,-62.5
2016-02,Customer Service,2,0,0.0,-33.33
2016-03,Customer Service,4,2,50.0,100.0
2016-04,Customer Service,5,2,40.0,25.0
2016-05,Customer Service,6,2,33.33,20.0
2016-06,Customer Service,1,0,0.0,-83.33
2016-07,Customer Service,5,4,80.0,400.0
2016-08,Customer Service,5,1,20.0,0.0
2016-09,Customer Service,4,1,25.0,-20.0
2016-10,Customer Service,12,4,33.33,200.0
2016-11,Customer Service,11,1,9.09,-8.33
2016-12,Customer Service,7,3,42.86,-36.36
2017-01,Customer Service,9,0,0.0,28.57
2017-02,Customer Service,5,1,20.0,-44.44
2017-03,Customer Service,7,1,14.29,40.0
2017-04,Customer Service,8,1,12.5,14.29
2017-05,Customer Service,16,2,12.5,100.0
2017-06,Customer Service,9,3,33.33,-43.75
2017-07,Customer Service,7,3,42.86,-22.22
2017-08,Customer Service,22,3,13.64,214.29
2017-09,Customer Service,7,3,42.86,-68.18
2017-10,Customer Service,12,4,33.33,71.43
2017-11,Customer Service,19,12,63.16,58.33
2017-12,Customer Service,16,6,37.5,-15.79
2018-01,Customer Service,17,7,41.18,6.25
2018-02,Customer Service,7,5,71.43,-58.82
2018-03,Customer Service,14,4,28.57,100.0
2018-04,Customer Service,23,8,34.78,64.29
2018-05,Customer Service,14,7,50.0,-39.13
2018-06,Customer Service,23,11,47.83,64.29
2018-07,Customer Service,26,9,34.62,13.04
2018-08,Customer Service,23,15,65.22,-11.54
2018-09,Customer Service,24,15,62.5,4.35
2018-10,Customer Service,27,13,48.15,12.5
2018-11,Customer Service,31,18,58.06,14.81
2018-12,Customer Service,49,29,59.18,58.06
2019-01,Customer Service,33,15,45.45,-32.65
2019-02,Customer Service,32,15,46.88,-3.03
2019-03,Customer Service,29,22,75.86,-9.38
2019-04,Customer Service,28,20,71.43,-3.45
2019-05,Customer Service,30,21,70.0,7.14
2019-06,Customer Service,47,32,68.09,56.67
2019-07,Customer Service,67,51,76.12,42.55
2019-08,Customer Service,68,52,76.47,1.49
2019-09,Customer Service,75,61,81.33,10.29
2019-10,Customer Service,102,83,81.37,36.0
2019-11,Customer Service,94,81,86.17,-7.84
2019-12,Customer Service,130,102,78.46,38.3
2020-01,Customer Service,125,95,76.0,-3.85
2020-02,Customer Service,69,55,79.71,-44.8
2020-03,Customer Service,46,42,91.3,-33.33
2020-04,Customer Service,63,54,85.71,36.96
2020-05,Customer Service,102,88,86.27,61.9
2020-06,Customer Service,82,75,91.46,-19.61
2020-07,Customer Service,71,63,88.73,-13.41
2020-08,Customer Service,88,72,81.82,23.94
2020-09,Customer Service,61,55,90.16,-30.68
2020-10,Customer Service,86,78,90.7,40.98
2020-11,Customer Service,73,60,82.19,-15.12
2020-12,Customer Service,95,86,90.53,30.14
2021-01,Customer Service,88,78,88.64,-7.37
2021-02,Customer Service,65,54,83.08,-26.14
2021-03,Customer Service,73,66,90.41,12.31
2021-04,Customer Service,92,86,93.48,26.03
2021-05,Customer Service,107,100,93.46,16.3
2021-06,Customer Service,65,55,84.62,-39.25
2021-07,Customer Service,69,64,92.75,6.15
2021-08,Customer Service,84,75,89.29,21.74
2021-09,Customer Service,95,91,95.79,13.1
2021-10,Customer Service,71,63,88.73,-25.26
2021-11,Customer Service,86,80,93.02,21.13
2021-12,Customer Service,92,82,89.13,6.98
2022-01,Customer Service,85,73,85.88,-7.61
2022-02,Customer Service,53,46,86.79,-37.65
2022-03,Customer Service,51,45,88.24,-3.77
2022-04,Customer Service,55,44,80.0,7.84
2022-05,Customer Service,53,51,96.23,-3.64
2022-06,Customer Service,71,65,91.55,33.96
2022-07,Customer Service,111,102,91.89,56.34
2022-08,Customer Service,101,91,90.1,-9.01
2022-09,Customer Service,90,81,90.0,-10.89
2022-10,Customer Service,90,84,93.33,0.0
2022-11,Customer Service,116,104,89.66,28.89
2022-12,Customer Service,162,146,90.12,39.66
2023-01,Customer Service,127,115,90.55,-21.6
2023-02,Customer Service,120,99,82.5,-5.51
2023-03,Customer Service,107,100,93.46,-10.83
2023-04,Customer Service,89,78,87.64,-16.82
2023-05,Customer Service,119,102,85.71,33.71
2023-06,Customer Service,120,110,91.67,0.84
2023-07,Customer Service,129,118,91.47,7.5
2023-08,Customer Service,120,105,87.5,-6.98
2023-09,Customer Service,104,93,89.42,-13.33
2023-10,Customer Service,107,98,91.59,2.88
2023-11,Customer Service,137,120,87.59,28.04
2023-12,Customer Service,134,123,91.79,-2.19
2024-01,Customer Service,93,84,90.32,-30.6
2024-02,Customer Service,99,85,85.86,6.45
2024-03,Customer Service,108,101,93.52,9.09
2024-04,Customer Service,95,83,87.37,-12.04
2024-05,Customer Service,122,114,93.44,28.42
2024-06,Customer Service,120,107,89.17,-1.64
2024-07,Customer Service,135,124,91.85,12.5
2024-08,Customer Service,136,123,90.44,0.74
2024-09,Customer Service,61,56,91.8,-55.15
2007-08,Delivery,1,0,0.0,
2008-04,Delivery,1,0,0.0,0.0
2008-09,Delivery,1,0,0.0,0.0
2008-12,Delivery,1,0,0.0,0.0
2009-03,Delivery,1,0,0.0,0.0
2009-04,Delivery,1,0,0.0,0.0
2009-05,Delivery,1,0,0.0,0.0
2009-07,Delivery,1,0,0.0,0.0
2009-08,Delivery,1,0,0.0,0.0
2010-01,Delivery,2,0,0.0,100.0
2010-04,Delivery,1,0,0.0,-50.0
2010-06,Delivery,1,0,0.0,0.0
2010-07,Delivery,1,0,0.0,0.0
2010-09,Delivery,2,1,50.0,100.0
2010-10,Delivery,2,0,0.0,0.0
2010-11,Delivery,2,0,0.0,0.0
2011-01,Delivery,1,0,0.0,-50.0
2011-02,Delivery,1,0,0.0,0.0
2011-03,Delivery,1,0,0.0,0.0
2011-05,Delivery,1,0,0.0,0.0
2011-06,Delivery,1,0,0.0,0.0
2011-07,Delivery,3,0,0.0,200.0
2011-08,Delivery,7,1,14.29,133.33
2011-09,Delivery,18,0,0.0,157.14
2011-10,Delivery,21,0,0.0,16.67
2011-11,Delivery,22,0,0.0,4.76
2011-12,Delivery,36,2,5.56,63.64
2012-01,Delivery,54,1,1.85,50.0
2012-02,Delivery,46,2,4.35,-14.81
2012-03,Delivery,44,0,0.0,-4.35
2012-04,Delivery,31,0,0.0,-29.55
2012-05,Delivery,40,2,5.0,29.03
2012-06,Delivery,39,3,7.69,-2.5
2012-07,Delivery,46,2,4.35,17.95
2012-08,Delivery,3,1,33.33,-93.48
2012-09,Delivery,2,0,0.0,-33.33
2012-10,Delivery,3,0,0.0,50.0
2012-11,Delivery,8,0,0.0,166.67
2012-12,Delivery,2,1,50.0,-75.0
2013-01,Delivery,6,0,0.0,200.0
2013-02,Delivery,4,0,0.0,-33.33
2013-03,Delivery,1,0,0.0,-75.0
2013-04,Delivery,1,1,100.0,0.0
2013-05,Delivery,4,1,25.0,300.0
2013-06,Delivery,2,0,0.0,-50.0
2013-08,Delivery,7,0,0.0,250.0
2013-09,Delivery,3,0,0.0,-57.14
2013-10,Delivery,4,0,0.0,33.33
2013-11,Delivery,4,0,0.0,0.0
2013-12,Delivery,4,1,25.0,0.0
2014-01,Delivery,6,1,16.67,50.0
2014-02,Delivery,12,1,8.33,100.0
2014-03,Delivery,7,1,14.29,-41.67
2014-04,Delivery,5,0,0.0,-28.57
2014-05,Delivery,3,0,0.0,-40.0
2014-06,Delivery,5,0,0.0,66.67
2014-07,Delivery,5,0,0.0,0.0
2014-08,Delivery,2,0,0.0,-60.0
2014-09,Delivery,8,1,12.5,300.0
2014-10,Delivery,9,1,11.11,12.5
2014-11,Delivery,5,0,0.0,-44.44
2014-12,Delivery,6,1,16.67,20.0
2015-01,Delivery,3,1,33.33,-50.0
2015-02,Delivery,4,0,0.0,33.33
2015-03,Delivery,3,0,0.0,-25.0
2015-04,Delivery,3,1,33.33,0.0
2015-05,Delivery,6,1,16.67,100.0
2015-06,Delivery,9,4,44.44,50.0
2015-07,Delivery,4,1,25.0,-55.56
2015-08,Delivery,10,2,20.0,150.0
2015-09,Delivery,7,1,14.29,-30.0
2015-10,Delivery,5,1,20.0,-28.57
2015-11,Delivery,3,2,66.67,-40.0
2015-12,Delivery,11,3,27.27,266.67
2016-01,Delivery,8,2,25.0,-27.27
2016-02,Delivery,9,1,11.11,12.5
2016-03,Delivery,5,0,0.0,-44.44
2016-04,Delivery,7,3,42.86,40.0
2016-05,Delivery,17,1,5.88,142.86
2016-06,Delivery,9,1,11.11,-47.06
2016-07,Delivery,9,4,44.44,0.0
2016-08,Delivery,7,0,0.0,-22.22
2016-09,Delivery,11,3,27.27,57.14
2016-10,Delivery,18,3,16.67,63.64
2016-11,Delivery,15,0,0.0,-16.67
2016-12,Delivery,13,5,38.46,-13.33
2017-01,Delivery,18,2,11.11,38.46
2017-02,Delivery,6,0,0.0,-66.67
2017-03,Delivery,13,2,15.38,116.67
2017-04,Delivery,8,2,25.0,-38.46
2017-05,Delivery,16,5,31.25,100.0
2017-06,Delivery,17,3,17.65,6.25
2017-07,Delivery,11,2,18.18,-35.29
2017-08,Delivery,19,1,5.26,72.73
2017-09,Delivery,17,8,47.06,-10.53
2017-10,Delivery,20,3,15.0,17.65
2017-11,Delivery,26,10,38.46,30.0
2017-12,Delivery,25,10,40.0,-3.85
2018-01,Delivery,24,6,25.0,-4.0
2018-02,Delivery,28,12,42.86,16.67
2018-03,Delivery,23,10,43.48,-17.86
2018-04,Delivery,18,4,22.22,-21.74
2018-05,Delivery,15,3,20.0,-16.67
2018-06,Delivery,34,11,32.35,126.67
2018-07,Delivery,25,11,44.0,-26.47
2018-08,Delivery,26,13,50.0,4.0
2018-09,Delivery,40,19,47.5,53.85
2018-10,Delivery,36,19,52.78,-10.0
2018-11,Delivery,51,29,56.86,41.67
2018-12,Delivery,68,34,50.0,33.33
2019-01,Delivery,44,23,52.27,-35.29
2019-02,Delivery,36,17,47.22,-18.18
2019-03,Delivery,37,27,72.97,2.78
2019-04,Delivery,46,27,58.7,24.32
2019-05,Delivery,52,28,53.85,13.04
2019-06,Delivery,60,39,65.0,15.38
2019-07,Delivery,84,66,78.57,40.0
2019-08,Delivery,88,66,75.0,4.76
2019-09,Delivery,99,80,80.81,12.5
2019-10,Delivery,106,80,75.47,7.07
2019-11,Delivery,107,76,71.03,0.94
2019-12,Delivery,171,127,74.27,59.81
2020-01,Delivery,131,96,73.28,-23.39
2020-02,Delivery,73,55,75.34,-44.27
2020-03,Delivery,53,42,79.25,-27.4
2020-04,Delivery,76,58,76.32,43.4
2020-05,Delivery,134,100,74.63,76.32
2020-06,Delivery,81,66,81.48,-39.55
2020-07,Delivery,75,64,85.33,-7.41
2020-08,Delivery,81,64,79.01,8.0
2020-09,Delivery,63,59,93.65,-22.22
2020-10,Delivery,70,57,81.43,11.11
2020-11,Delivery,79,60,75.95,12.86
2020-12,Delivery,102,81,79.41,29.11
2021-01,Delivery,81,65,80.25,-20.59
2021-02,Delivery,97,72,74.23,19.75
2021-03,Delivery,87,72,82.76,-10.31
2021-04,Delivery,108,96,88.89,24.14
2021-05,Delivery,104,92,88.46,-3.7
2021-06,Delivery,73,60,82.19,-29.81
2021-07,Delivery,86,74,86.05,17.81
2021-08,Delivery,95,86,90.53,10.47
2021-09,Delivery,90,81,90.0,-5.26
2021-10,Delivery,89,73,82.02,-1.11
2021-11,Delivery,90,75,83.33,1.12
2021-12,Delivery,126,109,86.51,40.0
2022-01,Delivery,78,64,82.05,-38.1
2022-02,Delivery,58,51,87.93,-25.64
2022-03,Delivery,62,52,83.87,6.9
2022-04,Delivery,45,37,82.22,-27.42
2022-05,Delivery,51,48,94.12,13.33
2022-06,Delivery,86,74,86.05,68.63
2022-07,Delivery,118,110,93.22,37.21
2022-08,Delivery,98,89,90.82,-16.95
2022-09,Delivery,105,87,82.86,7.14
2022-10,Delivery,107,97,90.65,1.9
2022-11,Delivery,132,116,87.88,23.36
2022-12,Delivery,208,186,89.42,57.58
2023-01,Delivery,166,143,86.14,-20.19
2023-02,Delivery,134,115,85.82,-19.28
2023-03,Delivery,153,132,86.27,14.18
2023-04,Delivery,132,106,80.3,-13.73
2023-05,Delivery,137,114,83.21,3.79
2023-06,Delivery,161,138,85.71,17.52
2023-07,Delivery,164,138,84.15,1.86
2023-08,Delivery,133,108,81.2,-18.9
2023-09,Delivery,132,115,87.12,-0.75
2023-10,Delivery,133,120,90.23,0.76
2023-11,Delivery,179,164,91.62,34.59
2023-12,Delivery,175,151,86.29,-2.23
2024-01,Delivery,112,97,86.61,-36.0
2024-02,Delivery,114,101,88.6,1.79
2024-03,Delivery,126,109,86.51,10.53
2024-04,Delivery,123,106,86.18,-2.38
2024-05,Delivery,123,107,86.99,0.0
2024-06,Delivery,167,139,83.23,35.77
2024-07,Delivery,187,166,88.77,11.98
2024-08,Delivery,183,164,89.62,-2.14
2024-09,Delivery,82,70,85.37,-55.19
2011-09,Packaging,1,0,0.0,
2011-10,Packaging,1,0,0.0,0.0
2011-11,Packaging,4,0,0.0,300.0
2011-12,Packaging,4,0,0.0,0.0
2012-01,Packaging,3,0,0.0,-25.0
2012-02,Packaging,2,0,0.0,-33.33
2012-03,Packaging,3,0,0.0,50.0
2012-04,Packaging,2,0,0.0,-33.33
2012-05,Packaging,4,1,25.0,100.0
2012-06,Packaging,1,0,0.0,-75.0
2012-07,Packaging,3,1,33.33,200.0
2012-11,Packaging,1,0,0.0,-66.67
2012-12,Packaging,1,0,0.0,0.0
2013-04,Packaging,1,0,0.0,0.0
2013-05,Packaging,1,1,100.0,0.0
2013-06,Packaging,2,0,0.0,100.0
2013-08,Packaging,1,1,100.0,-50.0
2013-12,Packaging,1,1,100.0,0.0
2014-01,Packaging,2,1,50.0,100.0
2014-03,Packaging,2,0,0.0,0.0
2014-04,Packaging,1,0,0.0,-50.0
2014-07,Packaging,1,0,0.0,0.0
2014-11,Packaging,1,0,0.0,0.0
2015-01,Packaging,1,0,0.0,0.0
2015-04,Packaging,2,0,0.0,100.0
2015-05,Packaging,3,2,66.67,50.0
2015-07,Packaging,2,1,50.0,-33.33
2015-08,Packaging,1,0,0.0,-50.0
2015-10,Packaging,2,0,0.0,100.0
2015-11,Packaging,1,1,100.0,-50.0
2015-12,Packaging,3,1,33.33,200.0
2016-02,Packaging,1,1,100.0,-66.67
2016-03,Packaging,1,1,100.0,0.0
2016-05,Packaging,3,0,0.0,200.0
2016-07,Packaging,2,1,50.0,-33.33
2016-08,Packaging,2,0,0.0,0.0
2016-09,Packaging,1,0,0.0,-50.0
2016-10,Packaging,2,1,50.0,100.0
2016-11,Packaging,3,0,0.0,50.0
2016-12,Packaging,4,2,50.0,33.33
2017-01,Packaging,1,0,0.0,-75.0
2017-03,Packaging,3,1,33.33,200.0
2017-05,Packaging,1,1,100.0,-66.67
2017-06,Packaging,6,1,16.67,500.0
2017-07,Packaging,4,0,0.0,-33.33
2017-08,Packaging,3,1,33.33,-25.0
2017-09,Packaging,1,1,100.0,-66.67
2017-10,Packaging,1,1,100.0,0.0
2017-11,Packaging,5,3,60.0,400.0
2017-12,Packaging,7,3,42.86,40.0
2018-01,Packaging,4,3,75.0,-42.86
2018-02,Packaging,1,0,0.0,-75.0
2018-03,Packaging,3,2,66.67,200.0
2018-04,Packaging,4,0,0.0,33.33
2018-05,Packaging,4,2,50.0,0.0
2018-06,Packaging,7,2,28.57,75.0
2018-07,Packaging,5,2,40.0,-28.57
2018-08,Packaging,5,4,80.0,0.0
2018-09,Packaging,6,5,83.33,20.0
2018-10,Packaging,8,3,37.5,33.33
2018-11,Packaging,12,8,66.67,50.0
2018-12,Packaging,13,8,61.54,8.33
2019-01,Packaging,15,9,60.0,15.38
2019-02,Packaging,12,8,66.67,-20.0
2019-03,Packaging,12,12,100.0,0.0
2019-04,Packaging,14,11,78.57,16.67
2019-05,Packaging,14,10,71.43,0.0
2019-06,Packaging,22,15,68.18,57.14
2019-07,Packaging,31,24,77.42,40.91
2019-08,Packaging,30,26,86.67,-3.23
2019-09,Packaging,22,19,86.36,-26.67
2019-10,Packaging,34,30,88.24,54.55
2019-11,Packaging,34,28,82.35,0.0
2019-12,Packaging,54,48,88.89,58.82
2020-01,Packaging,52,41,78.85,-3.7
2020-02,Packaging,26,21,80.77,-50.0
2020-03,Packaging,20,19,95.0,-23.08
2020-04,Packaging,22,21,95.45,10.0
2020-05,Packaging,35,32,91.43,59.09
2020-06,Packaging,20,18,90.0,-42.86
2020-07,Packaging,28,24,85.71,40.0
2020-08,Packaging,21,19,90.48,-25.0
2020-09,Packaging,18,15,83.33,-14.29
2020-10,Packaging,30,25,83.33,66.67
2020-11,Packaging,21,19,90.48,-30.0
2020-12,Packaging,25,23,92.0,19.05
2021-01,Packaging,23,19,82.61,-8.0
2021-02,Packaging,31,26,83.87,34.78
2021-03,Packaging,10,8,80.0,-67.74
2021-04,Packaging,31,28,90.32,210.0
2021-05,Packaging,31,29,93.55,0.0
2021-06,Packaging,22,19,86.36,-29.03
2021-07,Packaging,26,22,84.62,18.18
2021-08,Packaging,30,30,100.0,15.38
2021-09,Packaging,23,23,100.0,-23.33
2021-10,Packaging,35,31,88.57,52.17
2021-11,Packaging,28,25,89.29,-20.0
2021-12,Packaging,27,23,85.19,-3.57
2022-01,Packaging,21,16,76.19,-22.22
2022-02,Packaging,14,13,92.86,-33.33
2022-03,Packaging,19,16,84.21,35.71
2022-04,Packaging,8,7,87.5,-57.89
2022-05,Packaging,19,18,94.74,137.5
2022-06,Packaging,30,25,83.33,57.89
2022-07,Packaging,39,37,94.87,30.0
2022-08,Packaging,30,28,93.33,-23.08
2022-09,Packaging,28,26,92.86,-6.67
2022-10,Packaging,38,35,92.11,35.71
2022-11,Packaging,42,40,95.24,10.53
2022-12,Packaging,59,53,89.83,40.48
2023-01,Packaging,49,44,89.8,-16.95
2023-02,Packaging,41,38,92.68,-16.33
2023-03,Packaging,49,44,89.8,19.51
2023-04,Packaging,41,37,90.24,-16.33
2023-05,Packaging,46,38,82.61,12.2
2023-06,Packaging,54,50,92.59,17.39
2023-07,Packaging,48,42,87.5,-11.11
2023-08,Packaging,41,37,90.24,-14.58
2023-09,Packaging,34,30,88.24,-17.07
2023-10,Packaging,46,43,93.48,35.29
2023-11,Packaging,58,55,94.83,26.09
2023-12,Packaging,61,57,93.44,5.17
2024-01,Packaging,21,19,90.48,-65.57
2024-02,Packaging,29,29,100.0,38.1
2024-03,Packaging,30,27,90.0,3.45
2024-04,Packaging,33,27,81.82,10.0
2024-05,Packaging,43,39,90.7,30.3
2024-06,Packaging,36,33,91.67,-16.28
2024-07,Packaging,50,47,94.0,38.89
2024-08,Packaging,59,55,93.22,18.0
2024-09,Packaging,24,23,95.83,-59.32
2009-04,Payment,1,0,0.0,
2010-09,Payment,1,1,100.0,0.0
2010-11,Payment,1,0,0.0,0.0
2011-01,Payment,1,0,0.0,0.0
2011-06,Payment,2,0,0.0,100.0
2011-08,Payment,2,0,0.0,0.0
2011-09,Payment,2,0,0.0,0.0
2011-10,Payment,1,0,0.0,-50.0
2011-12,Payment,3,0,0.0,200.0
2012-01,Payment,5,1,20.0,66.67
2012-02,Payment,7,0,0.0,40.0
2012-03,Payment,3,0,0.0,-57.14
2012-04,Payment,2,0,0.0,-33.33
2012-05,Payment,4,0,0.0,100.0
2012-06,Payment,5,1,20.0,25.0
2012-07,Payment,5,1,20.0,0.0
2013-01,Payment,1,0,0.0,-80.0
2013-04,Payment,1,1,100.0,0.0
2013-05,Payment,1,1,100.0,0.0
2013-07,Payment,2,1,50.0,100.0
2014-04,Payment,1,0,0.0,-50.0
2014-06,Payment,1,0,0.0,0.0
2014-07,Payment,1,0,0.0,0.0
2014-08,Payment,1,1,100.0,0.0
2014-09,Payment,1,0,0.0,0.0
2014-10,Payment,1,0,0.0,0.0
2014-11,Payment,1,0,0.0,0.0
2015-03,Payment,2,0,0.0,100.0
2015-04,Payment,2,1,50.0,0.0
2015-05,Payment,1,1,100.0,-50.0
2015-06,Payment,2,2,100.0,100.0
2015-08,Payment,1,0,0.0,-50.0
2015-09,Payment,1,0,0.0,0.0
2015-10,Payment,3,3,100.0,200.0
2015-11,Payment,2,1,50.0,-33.33
2015-12,Payment,1,1,100.0,-50.0
2016-01,Payment,3,1,33.33,200.0
2016-02,Payment,1,1,100.0,-66.67
2016-03,Payment,2,1,50.0,100.0
2016-04,Payment,2,1,50.0,0.0
2016-05,Payment,2,2,100.0,0.0
2016-06,Payment,2,1,50.0,0.0
2016-07,Payment,3,3,100.0,50.0
2016-08,Payment,1,1,100.0,-66.67
2016-09,Payment,2,2,100.0,100.0
2016-10,Payment,2,1,50.0,0.0
2016-11,Payment,2,1,50.0,0.0
2016-12,Payment,4,1,25.0,100.0
2017-01,Payment,1,0,0.0,-75.0
2017-02,Payment,1,0,0.0,0.0
2017-03,Payment,2,1,50.0,100.0
2017-04,Payment,1,0,0.0,-50.0
2017-05,Payment,1,1,100.0,0.0
2017-06,Payment,6,4,66.67,500.0
2017-07,Payment,3,3,100.0,-50.0
2017-08,Payment,8,3,37.5,166.67
2017-09,Payment,3,2,66.67,-62.5
2017-10,Payment,3,2,66.67,0.0
2017-11,Payment,6,6,100.0,100.0
2017-12,Payment,4,2,50.0,-33.33
2018-01,Payment,11,8,72.73,175.0
2018-02,Payment,6,5,83.33,-45.45
2018-03,Payment,8,7,87.5,33.33
2018-04,Payment,7,2,28.57,-12.5
2018-05,Payment,8,5,62.5,14.29
2018-06,Payment,7,5,71.43,-12.5
2018-07,Payment,5,3,60.0,-28.57
2018-08,Payment,7,5,71.43,40.0
2018-09,Payment,7,6,85.71,0.0
2018-10,Payment,7,5,71.43,0.0
2018-11,Payment,8,7,87.5,14.29
2018-12,Payment,16,15,93.75,100.0
2019-01,Payment,13,7,53.85,-18.75
2019-02,Payment,7,5,71.43,-46.15
2019-03,Payment,13,13,100.0,85.71
2019-04,Payment,13,12,92.31,0.0
2019-05,Payment,11,10,90.91,-15.38
2019-06,Payment,23,21,91.3,109.09
2019-07,Payment,37,34,91.89,60.87
2019-08,Payment,33,31,93.94,-10.81
2019-09,Payment,23,22,95.65,-30.3
2019-10,Payment,38,36,94.74,65.22
2019-11,Payment,33,30,90.91,-13.16
2019-12,Payment,59,52,88.14,78.79
2020-01,Payment,46,40,86.96,-22.03
2020-02,Payment,35,32,91.43,-23.91
2020-03,Payment,24,23,95.83,-31.43
2020-04,Payment,35,34,97.14,45.83
2020-05,Payment,42,39,92.86,20.0
2020-06,Payment,29,27,93.1,-30.95
2020-07,Payment,26,25,96.15,-10.34
2020-08,Payment,29,27,93.1,11.54
2020-09,Payment,23,22,95.65,-20.69
2020-10,Payment,29,26,89.66,26.09
2020-11,Payment,23,23,100.0,-20.69
2020-12,Payment,47,45,95.74,104.35
2021-01,Payment,36,32,88.89,-23.4
2021-02,Payment,35,31,88.57,-2.78
2021-03,Payment,43,42,97.67,22.86
2021-04,Payment,33,32,96.97,-23.26
2021-05,Payment,32,30,93.75,-3.03
2021-06,Payment,20,19,95.0,-37.5
2021-07,Payment,24,24,100.0,20.0
2021-08,Payment,25,25,100.0,4.17
2021-09,Payment,33,33,100.0,32.0
2021-10,Payment,22,21,95.45,-33.33
2021-11,Payment,24,22,91.67,9.09
2021-12,Payment,18,18,100.0,-25.0
2022-01,Payment,33,33,100.0,83.33
2022-02,Payment,15,13,86.67,-54.55
2022-03,Payment,16,15,93.75,6.67
2022-04,Payment,19,18,94.74,18.75
2022-05,Payment,13,11,84.62,-31.58
2022-06,Payment,24,23,95.83,84.62
2022-07,Payment,39,38,97.44,62.5
2022-08,Payment,44,44,100.0,12.82
2022-09,Payment,21,16,76.19,-52.27
2022-10,Payment,41,41,100.0,95.24
2022-11,Payment,40,39,97.5,-2.44
2022-12,Payment,61,60,98.36,52.5
2023-01,Payment,41,38,92.68,-32.79
2023-02,Payment,30,29,96.67,-26.83
2023-03,Payment,48,41,85.42,60.0
2023-04,Payment,37,37,100.0,-22.92
2023-05,Payment,39,38,97.44,5.41
2023-06,Payment,44,41,93.18,12.82
2023-07,Payment,42,40,95.24,-4.55
2023-08,Payment,28,27,96.43,-33.33
2023-09,Payment,36,36,100.0,28.57
2023-10,Payment,43,42,97.67,19.44
2023-11,Payment,40,37,92.5,-6.98
2023-12,Payment,52,51,98.08,30.0
2024-01,Payment,38,38,100.0,-26.92
2024-02,Payment,21,20,95.24,-44.74
2024-03,Payment,47,45,95.74,123.81
2024-04,Payment,28,27,96.43,-40.43
2024-05,Payment,51,49,96.08,82.14
2024-06,Payment,39,39,100.0,-23.53
2024-07,Payment,59,57,96.61,51.28
2024-08,Payment,50,49,98.0,-15.25
2024-09,Payment,25,25,100.0,-50.0
2009-10,Price,1,0,0.0,
2010-01,Price,2,0,0.0,100.0
2010-04,Price,1,0,0.0,-50.0
2010-08,Price,1,0,0.0,0.0
2010-09,Price,1,1,100.0,0.0
2010-10,Price,2,0,0.0,100.0
2010-11,Price,1,0,0.0,-50.0
2011-01,Price,1,0,0.0,0.0
2011-02,Price,1,0,0.0,0.0
2011-08,Price,4,0,0.0,300.0
2011-09,Price,7,0,0.0,75.0
2011-10,Price,10,1,10.0,42.86
2011-11,Price,13,0,0.0,30.0
2011-12,Price,21,2,9.52,61.54
2012-01,Price,22,0,0.0,4.76
2012-02,Price,25,0,0.0,13.64
2012-03,Price,23,0,0.0,-8.0
2012-04,Price,14,2,14.29,-39.13
2012-05,Price,14,2,14.29,0.0
2012-06,Price,24,3,12.5,71.43
2012-07,Price,29,1,3.45,20.83
2012-08,Price,2,0,0.0,-93.1
2012-09,Price,3,0,0.0,50.0
2012-10,Price,3,0,0.0,0.0
2012-11,Price,6,0,0.0,100.0
2012-12,Price,1,0,0.0,-83.33
2013-01,Price,3,0,0.0,200.0
2013-02,Price,1,0,0.0,-66.67
2013-04,Price,2,1,50.0,100.0
2013-05,Price,3,1,33.33,50.0
2013-06,Price,1,0,0.0,-66.67
2013-07,Price,1,0,0.0,0.0
2013-08,Price,3,1,33.33,200.0
2013-09,Price,2,0,0.0,-33.33
2013-10,Price,2,0,0.0,0.0
2013-12,Price,1,0,0.0,-50.0
2014-01,Price,3,1,33.33,200.0
2014-02,Price,2,1,50.0,-33.33
2014-03,Price,6,1,16.67,200.0
2014-04,Price,4,0,0.0,-33.33
2014-05,Price,1,0,0.0,-75.0
2014-06,Price,2,0,0.0,100.0
2014-08,Price,1,0,0.0,-50.0
2014-09,Price,1,0,0.0,0.0
2014-10,Price,5,1,20.0,400.0
2014-11,Price,3,0,0.0,-40.0
2014-12,Price,3,0,0.0,0.0
2015-01,Price,1,0,0.0,-66.67
2015-02,Price,5,0,0.0,400.0
2015-03,Price,3,0,0.0,-40.0
2015-06,Price,5,1,20.0,66.67
2015-07,Price,1,0,0.0,-80.0
2015-08,Price,3,1,33.33,200.0
2015-09,Price,3,0,0.0,0.0
2015-10,Price,2,0,0.0,-33.33
2015-11,Price,2,1,50.0,0.0
2015-12,Price,3,1,33.33,50.0
2016-02,Price,1,1,100.0,-66.67
2016-03,Price,1,0,0.0,0.0
2016-04,Price,7,3,42.86,600.0
2016-05,Price,3,2,66.67,-57.14
2016-06,Price,2,0,0.0,-33.33
2016-07,Price,7,3,42.86,250.0
2016-08,Price,5,2,40.0,-28.57
2016-09,Price,7,4,57.14,40.0
2016-10,Price,3,1,33.33,-57.14
2016-11,Price,10,1,10.0,233.33
2016-12,Price,3,1,33.33,-70.0
2017-01,Price,9,3,33.33,200.0
2017-02,Price,1,0,0.0,-88.89
2017-03,Price,5,1,20.0,400.0
2017-04,Price,5,2,40.0,0.0
2017-05,Price,7,2,28.57,40.0
2017-06,Price,8,1,12.5,14.29
2017-07,Price,5,4,80.0,-37.5
2017-08,Price,10,1,10.0,100.0
2017-09,Price,4,2,50.0,-60.0
2017-10,Price,3,0,0.0,-25.0
2017-11,Price,9,5,55.56,200.0
2017-12,Price,10,2,20.0,11.11
2018-01,Price,13,3,23.08,30.0
2018-02,Price,6,2,33.33,-53.85
2018-03,Price,10,4,40.0,66.67
2018-04,Price,13,4,30.77,30.0
2018-05,Price,6,2,33.33,-53.85
2018-06,Price,10,5,50.0,66.67
2018-07,Price,13,5,38.46,30.0
2018-08,Price,4,1,25.0,-69.23
2018-09,Price,14,6,42.86,250.0
2018-10,Price,15,7,46.67,7.14
2018-11,Price,12,5,41.67,-20.0
2018-12,Price,23,12,52.17,91.67
2019-01,Price,16,10,62.5,-30.43
2019-02,Price,11,2,18.18,-31.25
2019-03,Price,7,6,85.71,-36.36
2019-04,Price,18,10,55.56,157.14
2019-05,Price,15,11,73.33,-16.67
2019-06,Price,23,15,65.22,53.33
2019-07,Price,27,22,81.48,17.39
2019-08,Price,22,16,72.73,-18.52
2019-09,Price,33,26,78.79,50.0
2019-10,Price,32,26,81.25,-3.03
2019-11,Price,36,30,83.33,12.5
2019-12,Price,47,37,78.72,30.56
2020-01,Price,31,25,80.65,-34.04
2020-02,Price,24,20,83.33,-22.58
2020-03,Price,19,19,100.0,-20.83
2020-04,Price,34,31,91.18,78.95
2020-05,Price,33,21,63.64,-2.94
2020-06,Price,38,33,86.84,15.15
2020-07,Price,20,18,90.0,-47.37
2020-08,Price,29,24,82.76,45.0
2020-09,Price,22,22,100.0,-24.14
2020-10,Price,26,24,92.31,18.18
2020-11,Price,23,20,86.96,-11.54
2020-12,Price,35,31,88.57,52.17
2021-01,Price,32,25,78.12,-8.57
2021-02,Price,32,29,90.62,0.0
2021-03,Price,25,21,84.0,-21.88
2021-04,Price,40,37,92.5,60.0
2021-05,Price,25,24,96.0,-37.5
2021-06,Price,19,15,78.95,-24.0
2021-07,Price,22,20,90.91,15.79
2021-08,Price,26,25,96.15,18.18
2021-09,Price,23,22,95.65,-11.54
2021-10,Price,26,21,80.77,13.04
2021-11,Price,27,26,96.3,3.85
2021-12,Price,29,26,89.66,7.41
2022-01,Price,25,22,88.0,-13.79
2022-02,Price,18,16,88.89,-28.0
2022-03,Price,14,8,57.14,-22.22
2022-04,Price,15,13,86.67,7.14
2022-05,Price,20,18,90.0,33.33
2022-06,Price,26,25,96.15,30.0
2022-07,Price,31,30,96.77,19.23
2022-08,Price,34,34,100.0,9.68
2022-09,Price,33,27,81.82,-2.94
2022-10,Price,28,27,96.43,-15.15
2022-11,Price,46,41,89.13,64.29
2022-12,Price,63,54,85.71,36.96
2023-01,Price,42,32,76.19,-33.33
2023-02,Price,32,25,78.12,-23.81
2023-03,Price,44,35,79.55,37.5
2023-04,Price,41,36,87.8,-6.82
2023-05,Price,43,31,72.09,4.88
2023-06,Price,49,41,83.67,13.95
2023-07,Price,41,38,92.68,-16.33
2023-08,Price,38,33,86.84,-7.32
2023-09,Price,39,34,87.18,2.63
2023-10,Price,42,33,78.57,7.69
2023-11,Price,47,44,93.62,11.9
2023-12,Price,55,51,92.73,17.02
2024-01,Price,46,40,86.96,-16.36
2024-02,Price,40,36,90.0,-13.04
2024-03,Price,28,23,82.14,-30.0
2024-04,Price,22,17,77.27,-21.43
2024-05,Price,39,34,87.18,77.27
2024-06,Price,38,34,89.47,-2.56
2024-07,Price,61,54,88.52,60.53
2024-08,Price,39,32,82.05,-36.07
2024-09,Price,33,28,84.85,-15.38
2010-08,Product Features,1,0,0.0,
2011-04,Product Features,1,0,0.0,0.0
2011-08,Product Features,2,0,0.0,100.0
2011-09,Product Features,1,0,0.0,-50.0
2011-11,Product Features,1,0,0.0,0.0
2011-12,Product Features,3,0,0.0,200.0
2012-01,Product Features,2,0,0.0,-33.33
2012-02,Product Features,3,0,0.0,50.0
2012-05,Product Features,2,0,0.0,-33.33
2012-06,Product Features,2,0,0.0,0.0
2012-07,Product Features,3,0,0.0,50.0
2013-04,Product Features,1,1,100.0,-66.67
2013-08,Product Features,1,0,0.0,0.0
2014-02,Product Features,2,0,0.0,100.0
2014-05,Product Features,1,0,0.0,-50.0
2014-10,Product Features,1,0,0.0,0.0
2014-11,Product Features,1,0,0.0,0.0
2015-02,Product Features,1,0,0.0,0.0
2015-03,Product Features,3,0,0.0,200.0
2015-04,Product Features,1,0,0.0,-66.67
2015-06,Product Features,1,0,0.0,0.0
2015-07,Product Features,1,0,0.0,0.0
2015-08,Product Features,1,0,0.0,0.0
2015-10,Product Features,2,1,50.0,100.0
2015-12,Product Features,1,1,100.0,-50.0
2016-02,Product Features,1,1,100.0,0.0
2016-04,Product Features,1,1,100.0,0.0
2016-05,Product Features,2,1,50.0,100.0
2016-07,Product Features,1,1,100.0,-50.0
2016-09,Product Features,1,0,0.0,0.0
2016-10,Product Features,1,1,100.0,0.0
2016-11,Product Features,2,0,0.0,100.0
2017-01,Product Features,2,0,0.0,0.0
2017-03,Product Features,1,0,0.0,-50.0
2017-04,Product Features,2,1,50.0,100.0
2017-05,Product Features,1,0,0.0,-50.0
2017-06,Product Features,1,0,0.0,0.0
2017-08,Product Features,2,2,100.0,100.0
2017-10,Product Features,1,0,0.0,-50.0
2017-11,Product Features,2,2,100.0,100.0
2018-01,Product Features,1,1,100.0,-50.0
2018-03,Product Features,1,1,100.0,0.0
2018-05,Product Features,1,0,0.0,0.0
2018-06,Product Features,2,1,50.0,100.0
2018-07,Product Features,2,1,50.0,0.0
2018-08,Product Features,1,1,100.0,-50.0
2018-09,Product Features,3,1,33.33,200.0
2018-10,Product Features,1,1,100.0,-66.67
2018-11,Product Features,3,3,100.0,200.0
2018-12,Product Features,5,3,60.0,66.67
2019-01,Product Features,4,4,100.0,-20.0
2019-02,Product Features,4,1,25.0,0.0
2019-03,Product Features,1,1,100.0,-75.0
2019-04,Product Features,1,0,0.0,0.0
2019-05,Product Features,1,1,100.0,0.0
2019-06,Product Features,3,3,100.0,200.0
2019-07,Product Features,6,5,83.33,100.0
2019-08,Product Features,5,5,100.0,-16.67
2019-09,Product Features,4,4,100.0,-20.0
2019-10,Product Features,7,6,85.71,75.0
2019-11,Product Features,10,10,100.0,42.86
2019-12,Product Features,7,5,71.43,-30.0
2020-01,Product Features,12,9,75.0,71.43
2020-02,Product Features,6,5,83.33,-50.0
2020-03,Product Features,1,1,100.0,-83.33
2020-04,Product Features,5,2,40.0,400.0
2020-05,Product Features,9,6,66.67,80.0
2020-06,Product Features,7,6,85.71,-22.22
2020-07,Product Features,4,4,100.0,-42.86
2020-08,Product Features,7,7,100.0,75.0
2020-09,Product Features,3,2,66.67,-57.14
2020-10,Product Features,4,4,100.0,33.33
2020-11,Product Features,4,3,75.0,0.0
2020-12,Product Features,7,7,100.0,75.0
2021-01,Product Features,10,9,90.0,42.86
2021-02,Product Features,3,3,100.0,-70.0
2021-03,Product Features,6,4,66.67,100.0
2021-04,Product Features,7,6,85.71,16.67
2021-05,Product Features,8,7,87.5,14.29
2021-06,Product Features,2,2,100.0,-75.0
2021-07,Product Features,1,1,100.0,-50.0
2021-08,Product Features,7,6,85.71,600.0
2021-09,Product Features,9,8,88.89,28.57
2021-10,Product Features,4,4,100.0,-55.56
2021-11,Product Features,9,6,66.67,125.0
2021-12,Product Features,5,5,100.0,-44.44
2022-01,Product Features,10,9,90.0,100.0
2022-02,Product Features,4,4,100.0,-60.0
2022-03,Product Features,8,7,87.5,100.0
2022-04,Product Features,3,3,100.0,-62.5
2022-05,Product Features,10,10,100.0,233.33
2022-06,Product Features,5,4,80.0,-50.0
2022-07,Product Features,10,10,100.0,100.0
2022-08,Product Features,11,10,90.91,10.0
2022-09,Product Features,10,10,100.0,-9.09
2022-10,Product Features,4,4,100.0,-60.0
2022-11,Product Features,9,7,77.78,125.0
2022-12,Product Features,14,12,85.71,55.56
2023-01,Product Features,9,6,66.67,-35.71
2023-02,Product Features,8,6,75.0,-11.11
2023-03,Product Features,11,10,90.91,37.5
2023-04,Product Features,10,8,80.0,-9.09
2023-05,Product Features,12,9,75.0,20.0
2023-06,Product Features,7,6,85.71,-41.67
2023-07,Product Features,12,11,91.67,71.43
2023-08,Product Features,6,6,100.0,-50.0
2023-09,Product Features,9,7,77.78,50.0
2023-10,Product Features,10,7,70.0,11.11
2023-11,Product Features,5,5,100.0,-50.0
2023-12,Product Features,11,11,100.0,120.0
2024-01,Product Features,10,9,90.0,-9.09
2024-02,Product Features,16,15,93.75,60.0
2024-03,Product Features,4,3,75.0,-75.0
2024-04,Product Features,6,6,100.0,50.0
2024-05,Product Features,11,9,81.82,83.33
2024-06,Product Features,8,7,87.5,-27.27
2024-07,Product Features,12,11,91.67,50.0
2024-08,Product Features,9,7,77.78,-25.0
2024-09,Product Features,4,3,75.0,-55.56
2009-07,Product Quality,1,0,0.0,
2010-11,Product Quality,1,0,0.0,0.0
2011-08,Product Quality,1,0,0.0,0.0
2011-09,Product Quality,1,0,0.0,0.0
2011-10,Product Quality,5,1,20.0,400.0
2011-11,Product Quality,2,1,50.0,-60.0
2011-12,Product Quality,4,1,25.0,100.0
2012-01,Product Quality,7,0,0.0,75.0
2012-02,Product Quality,11,0,0.0,57.14
2012-03,Product Quality,6,0,0.0,-45.45
2012-04,Product Quality,4,0,0.0,-33.33
2012-05,Product Quality,8,1,12.5,100.0
2012-06,Product Quality,11,1,9.09,37.5
2012-07,Product Quality,10,0,0.0,-9.09
2012-09,Product Quality,1,0,0.0,-90.0
2012-11,Product Quality,1,0,0.0,0.0
2013-01,Product Quality,1,0,0.0,0.0
2013-02,Product Quality,1,1,100.0,0.0
2013-04,Product Quality,2,0,0.0,100.0
2013-05,Product Quality,1,1,100.0,-50.0
2013-07,Product Quality,1,0,0.0,0.0
2014-01,Product Quality,1,0,0.0,0.0
2014-02,Product Quality,2,0,0.0,100.0
2014-03,Product Quality,1,0,0.0,-50.0
2014-04,Product Quality,1,0,0.0,0.0
2014-06,Product Quality,1,0,0.0,0.0
2014-07,Product Quality,1,0,0.0,0.0
2014-08,Product Quality,1,1,100.0,0.0
2014-09,Product Quality,2,1,50.0,100.0
2014-12,Product Quality,1,0,0.0,-50.0
2015-02,Product Quality,3,0,0.0,200.0
2015-03,Product Quality,1,1,100.0,-66.67
2015-05,Product Quality,1,0,0.0,0.0
2015-06,Product Quality,2,0,0.0,100.0
2015-08,Product Quality,4,1,25.0,100.0
2015-09,Product Quality,2,0,0.0,-50.0
2015-10,Product Quality,1,0,0.0,-50.0
2015-11,Product Quality,1,0,0.0,0.0
2015-12,Product Quality,1,0,0.0,0.0
2016-01,Product Quality,2,0,0.0,100.0
2016-02,Product Quality,1,0,0.0,-50.0
2016-03,Product Quality,1,1,100.0,0.0
2016-04,Product Quality,2,1,50.0,100.0
2016-05,Product Quality,5,2,40.0,150.0
2016-06,Product Quality,3,0,0.0,-40.0
2016-07,Product Quality,3,0,0.0,0.0
2016-08,Product Quality,2,2,100.0,-33.33
2016-09,Product Quality,2,2,100.0,0.0
2016-10,Product Quality,4,2,50.0,100.0
2016-11,Product Quality,3,0,0.0,-25.0
2016-12,Product Quality,4,2,50.0,33.33
2017-01,Product Quality,2,0,0.0,-50.0
2017-02,Product Quality,1,0,0.0,-50.0
2017-03,Product Quality,2,2,100.0,100.0
2017-04,Product Quality,1,1,100.0,-50.0
2017-05,Product Quality,4,1,25.0,300.0
2017-06,Product Quality,4,1,25.0,0.0
2017-07,Product Quality,3,2,66.67,-25.0
2017-08,Product Quality,4,1,25.0,33.33
2017-09,Product Quality,5,3,60.0,25.0
2017-10,Product Quality,4,1,25.0,-20.0
2017-11,Product Quality,4,1,25.0,0.0
2017-12,Product Quality,3,1,33.33,-25.0
2018-01,Product Quality,9,6,66.67,200.0
2018-02,Product Quality,4,0,0.0,-55.56
2018-03,Product Quality,6,3,50.0,50.0
2018-04,Product Quality,6,3,50.0,0.0
2018-05,Product Quality,8,4,50.0,33.33
2018-06,Product Quality,6,2,33.33,-25.0
2018-07,Product Quality,9,4,44.44,50.0
2018-08,Product Quality,7,5,71.43,-22.22
2018-09,Product Quality,16,8,50.0,128.57
2018-10,Product Quality,12,4,33.33,-25.0
2018-11,Product Quality,7,4,57.14,-41.67
2018-12,Product Quality,11,5,45.45,57.14
2019-01,Product Quality,8,4,50.0,-27.27
2019-02,Product Quality,12,5,41.67,50.0
2019-03,Product Quality,5,3,60.0,-58.33
2019-04,Product Quality,12,7,58.33,140.0
2019-05,Product Quality,4,3,75.0,-66.67
2019-06,Product Quality,13,8,61.54,225.0
2019-07,Product Quality,25,21,84.0,92.31
2019-08,Product Quality,22,16,72.73,-12.0
2019-09,Product Quality,29,23,79.31,31.82
2019-10,Product Quality,27,18,66.67,-6.9
2019-11,Product Quality,29,22,75.86,7.41
2019-12,Product Quality,38,29,76.32,31.03
2020-01,Product Quality,27,18,66.67,-28.95
2020-02,Product Quality,20,15,75.0,-25.93
2020-03,Product Quality,13,11,84.62,-35.0
2020-04,Product Quality,10,8,80.0,-23.08
2020-05,Product Quality,25,21,84.0,150.0
2020-06,Product Quality,21,17,80.95,-16.0
2020-07,Product Quality,19,16,84.21,-9.52
2020-08,Product Quality,18,14,77.78,-5.26
2020-09,Product Quality,12,11,91.67,-33.33
2020-10,Product Quality,17,15,88.24,41.67
2020-11,Product Quality,16,12,75.0,-5.88
2020-12,Product Quality,21,18,85.71,31.25
2021-01,Product Quality,20,16,80.0,-4.76
2021-02,Product Quality,21,16,76.19,5.0
2021-03,Product Quality,17,13,76.47,-19.05
2021-04,Product Quality,21,20,95.24,23.53
2021-05,Product Quality,24,23,95.83,14.29
2021-06,Product Quality,23,22,95.65,-4.17
2021-07,Product Quality,28,22,78.57,21.74
2021-08,Product Quality,16,14,87.5,-42.86
2021-09,Product Quality,27,24,88.89,68.75
2021-10,Product Quality,25,19,76.0,-7.41
2021-11,Product Quality,22,20,90.91,-12.0
2021-12,Product Quality,27,23,85.19,22.73
2022-01,Product Quality,13,7,53.85,-51.85
2022-02,Product Quality,11,11,100.0,-15.38
2022-03,Product Quality,10,9,90.0,-9.09
2022-04,Product Quality,10,8,80.0,0.0
2022-05,Product Quality,14,11,78.57,40.0
2022-06,Product Quality,24,22,91.67,71.43
2022-07,Product Quality,35,33,94.29,45.83
2022-08,Product Quality,25,23,92.0,-28.57
2022-09,Product Quality,26,21,80.77,4.0
2022-10,Product Quality,21,19,90.48,-19.23
2022-11,Product Quality,36,32,88.89,71.43
2022-12,Product Quality,43,38,88.37,19.44
2023-01,Product Quality,33,29,87.88,-23.26
2023-02,Product Quality,35,31,88.57,6.06
2023-03,Product Quality,41,34,82.93,17.14
2023-04,Product Quality,24,20,83.33,-41.46
2023-05,Product Quality,46,41,89.13,91.67
2023-06,Product Quality,40,32,80.0,-13.04
2023-07,Product Quality,33,30,90.91,-17.5
2023-08,Product Quality,34,30,88.24,3.03
2023-09,Product Quality,30,25,83.33,-11.76
2023-10,Product Quality,31,26,83.87,3.33
2023-11,Product Quality,29,25,86.21,-6.45
2023-12,Product Quality,47,37,78.72,62.07
2024-01,Product Quality,38,32,84.21,-19.15
2024-02,Product Quality,30,24,80.0,-21.05
2024-03,Product Quality,30,26,86.67,0.0
2024-04,Product Quality,16,10,62.5,-46.67
2024-05,Product Quality,27,25,92.59,68.75
2024-06,Product Quality,42,36,85.71,55.56
2024-07,Product Quality,40,37,92.5,-4.76
2024-08,Product Quality,41,36,87.8,2.5
2024-09,Product Quality,19,19,100.0,-53.66
2010-07,Refund,1,0,0.0,
2010-08,Refund,1,0,0.0,0.0
2010-09,Refund,1,1,100.0,0.0
2011-04,Refund,2,0,0.0,100.0
2011-08,Refund,2,1,50.0,0.0
2011-11,Refund,3,1,33.33,50.0
2011-12,Refund,7,3,42.86,133.33
2012-01,Refund,4,0,0.0,-42.86
2012-02,Refund,5,1,20.0,25.0
2012-03,Refund,5,0,0.0,0.0
2012-04,Refund,2,0,0.0,-60.0
2012-05,Refund,1,0,0.0,-50.0
2012-06,Refund,6,2,33.33,500.0
2012-07,Refund,5,0,0.0,-16.67
2012-08,Refund,1,1,100.0,-80.0
2012-09,Refund,1,0,0.0,0.0
2013-01,Refund,2,0,0.0,100.0
2013-04,Refund,1,0,0.0,-50.0
2013-05,Refund,2,2,100.0,100.0
2013-10,Refund,1,0,0.0,-50.0
2014-01,Refund,2,1,50.0,100.0
2014-02,Refund,1,0,0.0,-50.0
2014-03,Refund,1,0,0.0,0.0
2014-06,Refund,2,1,50.0,100.0
2014-08,Refund,1,1,100.0,-50.0
2014-09,Refund,1,0,0.0,0.0
2014-12,Refund,2,0,0.0,100.0
2015-03,Refund,1,0,0.0,-50.0
2015-04,Refund,1,0,0.0,0.0
2015-06,Refund,3,1,33.33,200.0
2015-07,Refund,1,0,0.0,-66.67
2015-08,Refund,4,2,50.0,300.0
2015-09,Refund,2,0,0.0,-50.0
2015-10,Refund,2,1,50.0,0.0
2015-12,Refund,2,1,50.0,0.0
2016-01,Refund,3,1,33.33,50.0
2016-02,Refund,2,1,50.0,-33.33
2016-04,Refund,2,2,100.0,0.0
2016-05,Refund,3,3,100.0,50.0
2016-06,Refund,1,1,100.0,-66.67
2016-07,Refund,4,3,75.0,300.0
2016-08,Refund,2,1,50.0,-50.0
2016-09,Refund,1,0,0.0,-50.0
2016-10,Refund,1,1,100.0,0.0
2016-11,Refund,3,1,33.33,200.0
2016-12,Refund,4,2,50.0,33.33
2017-01,Refund,7,0,0.0,75.0
2017-03,Refund,3,1,33.33,-57.14
2017-04,Refund,2,0,0.0,-33.33
2017-05,Refund,1,1,100.0,-50.0
2017-06,Refund,3,1,33.33,200.0
2017-07,Refund,3,2,66.67,0.0
2017-08,Refund,2,2,100.0,-33.33
2017-09,Refund,3,1,33.33,50.0
2017-10,Refund,7,3,42.86,133.33
2017-11,Refund,7,5,71.43,0.0
2017-12,Refund,10,4,40.0,42.86
2018-01,Refund,9,7,77.78,-10.0
2018-02,Refund,5,5,100.0,-44.44
2018-03,Refund,9,7,77.78,80.0
2018-04,Refund,6,4,66.67,-33.33
2018-05,Refund,13,5,38.46,116.67
2018-06,Refund,8,6,75.0,-38.46
2018-07,Refund,8,5,62.5,0.0
2018-08,Refund,10,7,70.0,25.0
2018-09,Refund,16,12,75.0,60.0
2018-10,Refund,11,9,81.82,-31.25
2018-11,Refund,11,8,72.73,0.0
2018-12,Refund,27,18,66.67,145.45
2019-01,Refund,13,6,46.15,-51.85
2019-02,Refund,9,7,77.78,-30.77
2019-03,Refund,16,13,81.25,77.78
2019-04,Refund,18,12,66.67,12.5
2019-05,Refund,20,17,85.0,11.11
2019-06,Refund,16,14,87.5,-20.0
2019-07,Refund,31,26,83.87,93.75
2019-08,Refund,38,32,84.21,22.58
2019-09,Refund,38,35,92.11,0.0
2019-10,Refund,44,38,86.36,15.79
2019-11,Refund,47,40,85.11,6.82
2019-12,Refund,83,68,81.93,76.6
2020-01,Refund,61,51,83.61,-26.51
2020-02,Refund,36,29,80.56,-40.98
2020-03,Refund,24,24,100.0,-33.33
2020-04,Refund,36,33,91.67,50.0
2020-05,Refund,46,44,95.65,27.78
2020-06,Refund,39,34,87.18,-15.22
2020-07,Refund,35,31,88.57,-10.26
2020-08,Refund,48,43,89.58,37.14
2020-09,Refund,38,38,100.0,-20.83
2020-10,Refund,38,36,94.74,0.0
2020-11,Refund,51,47,92.16,34.21
2020-12,Refund,63,57,90.48,23.53
2021-01,Refund,47,45,95.74,-25.4
2021-02,Refund,55,48,87.27,17.02
2021-03,Refund,47,43,91.49,-14.55
2021-04,Refund,55,52,94.55,17.02
2021-05,Refund,43,41,95.35,-21.82
2021-06,Refund,35,32,91.43,-18.6
2021-07,Refund,47,45,95.74,34.29
2021-08,Refund,46,38,82.61,-2.13
2021-09,Refund,52,49,94.23,13.04
2021-10,Refund,30,25,83.33,-42.31
2021-11,Refund,54,49,90.74,80.0
2021-12,Refund,38,35,92.11,-29.63
2022-01,Refund,44,40,90.91,15.79
2022-02,Refund,32,29,90.62,-27.27
2022-03,Refund,25,24,96.0,-21.88
2022-04,Refund,28,25,89.29,12.0
2022-05,Refund,24,22,91.67,-14.29
2022-06,Refund,46,45,97.83,91.67
2022-07,Refund,71,66,92.96,54.35
2022-08,Refund,64,62,96.88,-9.86
2022-09,Refund,49,44,89.8,-23.44
2022-10,Refund,57,56,98.25,16.33
2022-11,Refund,77,74,96.1,35.09
2022-12,Refund,93,89,95.7,20.78
2023-01,Refund,86,77,89.53,-7.53
2023-02,Refund,62,59,95.16,-27.91
2023-03,Refund,81,76,93.83,30.65
2023-04,Refund,68,61,89.71,-16.05
2023-05,Refund,71,67,94.37,4.41
2023-06,Refund,92,86,93.48,29.58
2023-07,Refund,76,71,93.42,-17.39
2023-08,Refund,74,68,91.89,-2.63
2023-09,Refund,66,65,98.48,-10.81
2023-10,Refund,86,80,93.02,30.3
2023-11,Refund,84,77,91.67,-2.33
2023-12,Refund,96,86,89.58,14.29
2024-01,Refund,65,61,93.85,-32.29
2024-02,Refund,56,51,91.07,-13.85
2024-03,Refund,53,50,94.34,-5.36
2024-04,Refund,49,45,91.84,-7.55
2024-05,Refund,71,68,95.77,44.9
2024-06,Refund,82,78,95.12,15.49
2024-07,Refund,79,78,98.73,-3.66
2024-08,Refund,85,83,97.65,7.59
2024-09,Refund,41,39,95.12,-51.76
2009-04,Return,1,0,0.0,
2010-09,Return,1,1,100.0,0.0
2011-07,Return,1,1,100.0,0.0
2011-08,Return,3,0,0.0,200.0
2011-09,Return,1,0,0.0,-66.67
2011-10,Return,2,0,0.0,100.0
2011-11,Return,5,1,20.0,150.0
2011-12,Return,7,2,28.57,40.0
2012-01,Return,10,0,0.0,42.86
2012-02,Return,10,1,10.0,0.0
2012-03,Return,10,0,0.0,0.0
2012-04,Return,5,0,0.0,-50.0
2012-05,Return,7,1,14.29,40.0
2012-06,Return,6,1,16.67,-14.29
2012-07,Return,6,1,16.67,0.0
2012-09,Return,1,0,0.0,-83.33
2012-10,Return,1,0,0.0,0.0
2012-12,Return,1,0,0.0,0.0
2013-01,Return,1,0,0.0,0.0
2013-04,Return,1,1,100.0,0.0
2013-06,Return,1,0,0.0,0.0
2013-10,Return,1,0,0.0,0.0
2014-01,Return,1,1,100.0,0.0
2014-02,Return,3,1,33.33,200.0
2014-07,Return,1,0,0.0,-66.67
2014-08,Return,1,1,100.0,0.0
2014-09,Return,2,0,0.0,100.0
2014-10,Return,1,0,0.0,-50.0
2014-11,Return,1,0,0.0,0.0
2014-12,Return,2,0,0.0,100.0
2015-01,Return,1,0,0.0,-50.0
2015-03,Return,2,1,50.0,100.0
2015-04,Return,1,0,0.0,-50.0
2015-06,Return,1,1,100.0,0.0
2015-08,Return,2,1,50.0,100.0
2015-09,Return,2,0,0.0,0.0
2015-11,Return,1,0,0.0,-50.0
2015-12,Return,1,0,0.0,0.0
2016-01,Return,2,0,0.0,100.0
2016-02,Return,2,1,50.0,0.0
2016-03,Return,2,1,50.0,0.0
2016-04,Return,1,0,0.0,-50.0
2016-06,Return,2,1,50.0,100.0
2016-07,Return,2,0,0.0,0.0
2016-08,Return,3,1,33.33,50.0
2016-09,Return,2,2,100.0,-33.33
2016-10,Return,4,2,50.0,100.0
2016-11,Return,2,0,0.0,-50.0
2016-12,Return,2,1,50.0,0.0
2017-01,Return,3,0,0.0,50.0
2017-02,Return,3,2,66.67,0.0
2017-03,Return,3,2,66.67,0.0
2017-04,Return,3,1,33.33,0.0
2017-05,Return,4,2,50.0,33.33
2017-06,Return,2,1,50.0,-50.0
2017-07,Return,3,2,66.67,50.0
2017-08,Return,3,0,0.0,0.0
2017-09,Return,3,2,66.67,0.0
2017-10,Return,4,1,25.0,33.33
2017-11,Return,4,2,50.0,0.0
2017-12,Return,8,4,50.0,100.0
2018-01,Return,8,5,62.5,0.0
2018-02,Return,3,2,66.67,-62.5
2018-03,Return,9,5,55.56,200.0
2018-04,Return,10,3,30.0,11.11
2018-05,Return,8,3,37.5,-20.0
2018-06,Return,8,4,50.0,0.0
2018-07,Return,6,4,66.67,-25.0
2018-08,Return,8,5,62.5,33.33
2018-09,Return,16,12,75.0,100.0
2018-10,Return,7,4,57.14,-56.25
2018-11,Return,10,7,70.0,42.86
2018-12,Return,22,14,63.64,120.0
2019-01,Return,14,7,50.0,-36.36
2019-02,Return,13,6,46.15,-7.14
2019-03,Return,11,8,72.73,-15.38
2019-04,Return,13,9,69.23,18.18
2019-05,Return,14,9,64.29,7.69
2019-06,Return,20,16,80.0,42.86
2019-07,Return,30,25,83.33,50.0
2019-08,Return,27,18,66.67,-10.0
2019-09,Return,31,27,87.1,14.81
2019-10,Return,38,27,71.05,22.58
2019-11,Return,36,31,86.11,-5.26
2019-12,Return,42,36,85.71,16.67
2020-01,Return,53,38,71.7,26.19
2020-02,Return,28,23,82.14,-47.17
2020-03,Return,9,8,88.89,-67.86
2020-04,Return,16,15,93.75,77.78
2020-05,Return,26,22,84.62,62.5
2020-06,Return,26,22,84.62,0.0
2020-07,Return,24,21,87.5,-7.69
2020-08,Return,32,29,90.62,33.33
2020-09,Return,19,17,89.47,-40.62
2020-10,Return,25,23,92.0,31.58
2020-11,Return,33,31,93.94,32.0
2020-12,Return,39,31,79.49,18.18
2021-01,Return,34,30,88.24,-12.82
2021-02,Return,36,31,86.11,5.88
2021-03,Return,32,26,81.25,-11.11
2021-04,Return,30,27,90.0,-6.25
2021-05,Return,35,33,94.29,16.67
2021-06,Return,20,18,90.0,-42.86
2021-07,Return,36,33,91.67,80.0
2021-08,Return,31,26,83.87,-13.89
2021-09,Return,38,37,97.37,22.58
2021-10,Return,24,19,79.17,-36.84
2021-11,Return,41,37,90.24,70.83
2021-12,Return,34,31,91.18,-17.07
2022-01,Return,31,26,83.87,-8.82
2022-02,Return,21,21,100.0,-32.26
2022-03,Return,18,15,83.33,-14.29
2022-04,Return,19,18,94.74,5.56
2022-05,Return,18,18,100.0,-5.26
2022-06,Return,40,37,92.5,122.22
2022-07,Return,49,46,93.88,22.5
2022-08,Return,56,51,91.07,14.29
2022-09,Return,47,38,80.85,-16.07
2022-10,Return,44,42,95.45,-6.38
2022-11,Return,61,52,85.25,38.64
2022-12,Return,67,62,92.54,9.84
2023-01,Return,56,53,94.64,-16.42
2023-02,Return,41,35,85.37,-26.79
2023-03,Return,58,52,89.66,41.46
2023-04,Return,54,50,92.59,-6.9
2023-05,Return,55,51,92.73,1.85
2023-06,Return,55,51,92.73,0.0
2023-07,Return,60,51,85.0,9.09
2023-08,Return,50,43,86.0,-16.67
2023-09,Return,46,44,95.65,-8.0
2023-10,Return,55,50,90.91,19.57
2023-11,Return,56,51,91.07,1.82
2023-12,Return,63,54,85.71,12.5
2024-01,Return,53,48,90.57,-15.87
2024-02,Return,40,36,90.0,-24.53
2024-03,Return,52,46,88.46,30.0
2024-04,Return,42,35,83.33,-19.23
2024-05,Return,53,47,88.68,26.19
2024-06,Return,57,52,91.23,7.55
2024-07,Return,73,68,93.15,28.07
2024-08,Return,60,59,98.33,-17.81
2024-09,Return,37,34,91.89,-38.33
2009-08,nan,1,0,0.0,
2010-03,nan,1,0,0.0,0.0
2010-04,nan,3,0,0.0,200.0
2010-06,nan,1,0,0.0,-66.67
2010-07,nan,1,0,0.0,0.0
2010-10,nan,2,0,0.0,100.0
2010-11,nan,1,0,0.0,-50.0
2011-04,nan,2,1,50.0,100.0
2011-06,nan,4,0,0.0,100.0
2011-07,nan,9,0,0.0,125.0
2011-08,nan,21,1,4.76,133.33
2011-09,nan,24,2,8.33,14.29
2011-10,nan,20,0,0.0,-16.67
2011-11,nan,35,0,0.0,75.0
2011-12,nan,47,0,0.0,34.29
2012-01,nan,79,1,1.27,68.09
2012-02,nan,100,1,1.0,26.58
2012-03,nan,87,4,4.6,-13.0
2012-04,nan,54,2,3.7,-37.93
2012-05,nan,70,0,0.0,29.63
2012-06,nan,90,2,2.22,28.57
2012-07,nan,70,1,1.43,-22.22
2012-08,nan,4,0,0.0,-94.29
2012-09,nan,5,1,20.0,25.0
2012-10,nan,1,0,0.0,-80.0
2012-11,nan,3,0,0.0,200.0
2012-12,nan,3,0,0.0,0.0
2013-01,nan,3,0,0.0,0.0
2013-02,nan,2,0,0.0,-33.33
2013-04,nan,2,0,0.0,0.0
2013-07,nan,1,0,0.0,-50.0
2013-08,nan,4,1,25.0,300.0
2013-09,nan,2,0,0.0,-50.0
2013-10,nan,5,1,20.0,150.0
2013-11,nan,4,0,0.0,-20.0
2013-12,nan,1,0,0.0,-75.0
2014-01,nan,7,0,0.0,600.0
2014-02,nan,7,0,0.0,0.0
2014-03,nan,3,0,0.0,-57.14
2014-04,nan,3,0,0.0,0.0
2014-05,nan,3,0,0.0,0.0
2014-06,nan,1,0,0.0,-66.67
2014-07,nan,1,0,0.0,0.0
2014-08,nan,5,0,0.0,400.0
2014-09,nan,4,0,0.0,-20.0
2014-10,nan,7,0,0.0,75.0
2014-11,nan,5,0,0.0,-28.57
2014-12,nan,2,0,0.0,-60.0
2015-01,nan,6,0,0.0,200.0
2015-02,nan,5,0,0.0,-16.67
2015-03,nan,5,2,40.0,0.0
2015-04,nan,6,0,0.0,20.0
2015-05,nan,6,1,16.67,0.0
2015-06,nan,4,0,0.0,-33.33
2015-07,nan,4,0,0.0,0.0
2015-08,nan,2,0,0.0,-50.0
2015-09,nan,7,0,0.0,250.0
2015-10,nan,1,0,0.0,-85.71
2015-11,nan,3,1,33.33,200.0
2015-12,nan,6,1,16.67,100.0
2016-01,nan,13,2,15.38,116.67
2016-02,nan,9,1,11.11,-30.77
2016-03,nan,13,2,15.38,44.44
2016-04,nan,5,0,0.0,-61.54
2016-05,nan,11,1,9.09,120.0
2016-06,nan,7,1,14.29,-36.36
2016-07,nan,10,1,10.0,42.86
2016-08,nan,7,0,0.0,-30.0
2016-09,nan,9,1,11.11,28.57
2016-10,nan,4,0,0.0,-55.56
2016-11,nan,11,1,9.09,175.0
2016-12,nan,5,0,0.0,-54.55
2017-01,nan,9,0,0.0,80.0
2017-02,nan,18,3,16.67,100.0
2017-03,nan,8,0,0.0,-55.56
2017-04,nan,17,1,5.88,112.5
2017-05,nan,27,2,7.41,58.82
2017-06,nan,29,1,3.45,7.41
2017-07,nan,16,1,6.25,-44.83
2017-08,nan,25,5,20.0,56.25
2017-09,nan,27,3,11.11,8.0
2017-10,nan,27,3,11.11,0.0
2017-11,nan,30,1,3.33,11.11
2017-12,nan,30,8,26.67,0.0
2018-01,nan,27,4,14.81,-10.0
2018-02,nan,20,2,10.0,-25.93
2018-03,nan,28,4,14.29,40.0
2018-04,nan,19,7,36.84,-32.14
2018-05,nan,27,4,14.81,42.11
2018-06,nan,26,6,23.08,-3.7
2018-07,nan,31,7,22.58,19.23
2018-08,nan,26,7,26.92,-16.13
2018-09,nan,33,8,24.24,26.92
2018-10,nan,36,3,8.33,9.09
2018-11,nan,45,9,20.0,25.0
2018-12,nan,29,9,31.03,-35.56
2019-01,nan,36,13,36.11,24.14
2019-02,nan,31,7,22.58,-13.89
2019-03,nan,31,11,35.48,0.0
2019-04,nan,47,12,25.53,51.61
2019-05,nan,34,7,20.59,-27.66
2019-06,nan,36,7,19.44,5.88
2019-07,nan,54,18,33.33,50.0
2019-08,nan,58,36,62.07,7.41
2019-09,nan,56,25,44.64,-3.45
2019-10,nan,58,25,43.1,3.57
2019-11,nan,68,30,44.12,17.24
2019-12,nan,80,45,56.25,17.65
2020-01,nan,59,24,40.68,-26.25
2020-02,nan,52,23,44.23,-11.86
2020-03,nan,34,21,61.76,-34.62
2020-04,nan,52,31,59.62,52.94
2020-05,nan,62,38,61.29,19.23
2020-06,nan,67,40,59.7,8.06
2020-07,nan,43,25,58.14,-35.82
2020-08,nan,44,29,65.91,2.33
2020-09,nan,40,29,72.5,-9.09
2020-10,nan,44,31,70.45,10.0
2020-11,nan,48,38,79.17,9.09
2020-12,nan,53,31,58.49,10.42
2021-01,nan,122,100,81.97,130.19
2021-02,nan,55,34,61.82,-54.92
2021-03,nan,55,49,89.09,0.0
2021-04,nan,50,39,78.0,-9.09
2021-05,nan,61,45,73.77,22.0
2021-06,nan,29,22,75.86,-52.46
2021-07,nan,43,28,65.12,48.28
2021-08,nan,37,28,75.68,-13.95
2021-09,nan,51,41,80.39,37.84
2021-10,nan,49,36,73.47,-3.92
2021-11,nan,41,35,85.37,-16.33
2021-12,nan,53,42,79.25,29.27
2022-01,nan,44,28,63.64,-16.98
2022-02,nan,26,19,73.08,-40.91
2022-03,nan,17,11,64.71,-34.62
2022-04,nan,35,25,71.43,105.88
2022-05,nan,33,24,72.73,-5.71
2022-06,nan,37,28,75.68,12.12
2022-07,nan,37,26,70.27,0.0
2022-08,nan,49,38,77.55,32.43
2022-09,nan,47,34,72.34,-4.08
2022-10,nan,43,33,76.74,-8.51
2022-11,nan,63,49,77.78,46.51
2022-12,nan,57,39,68.42,-9.52
2023-01,nan,68,50,73.53,19.3
2023-02,nan,67,57,85.07,-1.47
2023-03,nan,70,52,74.29,4.48
2023-04,nan,55,34,61.82,-21.43
2023-05,nan,64,45,70.31,16.36
2023-06,nan,59,44,74.58,-7.81
2023-07,nan,69,42,60.87,16.95
2023-08,nan,61,39,63.93,-11.59
2023-09,nan,59,32,54.24,-3.28
2023-10,nan,68,46,67.65,15.25
2023-11,nan,56,44,78.57,-17.65
2023-12,nan,63,44,69.84,12.5
2024-01,nan,63,48,76.19,0.0
2024-02,nan,43,35,81.4,-31.75
2024-03,nan,59,35,59.32,37.21
2024-04,nan,58,40,68.97,-1.69
2024-05,nan,67,47,70.15,15.52
2024-06,nan,68,49,72.06,1.49
2024-07,nan,65,50,76.92,-4.41
2024-08,nan,61,44,72.13,-6.15
2024-09,nan,44,33,75.0,-27.87
